X,Y,AREA,PERIMETER,CITIES_,CITIES_ID,NAME,COUNTRY,POPULATION,CAPITAL,icon_url
33.0860404968262,68.9635467529297,0.000,0.000,"1","1",Murmansk,Russia,"468000",N,./0.png
40.6461601257324,64.5206680297852,0.000,0.000,"2","2",Arkhangelsk,Russia,"416000",N,./0.png
30.4533271789551,59.9518890380859,0.000,0.000,"3","5",Saint Petersburg,Russia,"5825000",N,./0.png
150.780014038086,59.5709991455078,0.000,0.000,"4","7",Magadan,Russia,"152000",N,./0.png
56.2324638366699,58.0002365112305,0.000,0.000,"5","9",Perm',Russia,"1160000",N,./0.png
60.6101303100586,56.8465423583984,0.000,0.000,"6","12",Yekaterinburg,Russia,"1620000",N,./0.png
43.9406700134277,56.2896766662598,0.000,0.000,"7","13",Nizhniy Novgorod,Russia,"2025000",N,./0.png
-4.26994752883911,55.8628082275391,0.000,0.000,"8","15",Glasgow,UK,"1800000",N,./0.png
49.1454658508301,55.7330055236816,0.000,0.000,"9","17",Kazan',Russia,"1140000",N,./0.png
61.3926124572754,55.1450004577637,0.000,0.000,"10","20",Chelyabinsk,Russia,"1325000",N,./0.png
73.2502899169922,55.063304901123,0.000,0.000,"11","21",Omsk,Russia,"1175000",N,./0.png
82.9428482055664,55.0321006774902,0.000,0.000,"12","22",Novosibirsk,Russia,"1600000",N,./0.png
56.0961265563965,54.8217353820801,0.000,0.000,"13","23",Ufa,Russia,"1100000",N,./0.png
25.2759666442871,54.6885681152344,0.000,0.000,"14","24",Vilnius,Lithuania,"582000",Y,./0.png
-5.90966033935547,54.5869255065918,0.000,0.000,"15","25",Belfast,UK,"685000",N,./0.png
18.624942779541,54.3662033081055,0.000,0.000,"16","26",Gdansk,Poland,"909000",N,./0.png
27.5755672454834,53.8999366760254,0.000,0.000,"17","27",Minsk,Byelarus,"1650000",Y,./0.png
-1.49752748012543,53.8087120056152,0.000,0.000,"18","28",Leeds,UK,"1540000",N,./0.png
10.027606010437,53.5711212158203,0.000,0.000,"19","29",Hamburg,Germany,"2225000",N,./0.png
-2.26177859306335,53.479663848877,0.000,0.000,"20","30",Manchester,UK,"2775000",N,./0.png
-1.46298921108246,53.3740425109863,0.000,0.000,"21","32",Sheffield,UK,"710000",N,./0.png
-6.25734663009644,53.3415603637695,0.000,0.000,"22","33",Dublin,Ireland,"1140000",Y,./0.png
50.0961799621582,53.1385955810547,0.000,0.000,"23","35",Samara,Russia,"1505000",N,./0.png
8.85762596130371,53.0801048278809,0.000,0.000,"24","36",Bremen,Germany,"800000",N,./0.png
13.3275728225708,52.5162734985352,0.000,0.000,"25","37",Berlin,Germany,"5061248",Y,./0.png
-1.86334776878357,52.4927520751953,0.000,0.000,"26","38",Birmingham,UK,"2675000",N,./0.png
4.89483308792114,52.3730430603027,0.000,0.000,"27","39",Amsterdam,Netherlands,"1860000",N,./0.png
104.247833251953,52.3174324035645,0.000,0.000,"28","40",Irkutsk,Russia,"626000",N,./0.png
21.0118789672852,52.244945526123,0.000,0.000,"29","41",Warsaw,Poland,"2323000",Y,./0.png
4.48515224456787,51.925594329834,0.000,0.000,"30","43",Rotterdam,Netherlands,"1110000",N,./0.png
19.4764404296875,51.7779083251953,0.000,0.000,"31","44",Lodz,Poland,"1061000",N,./0.png
7.46641826629639,51.5138130187988,0.000,0.000,"32","45",Dortmund,Germany,"568164",N,./0.png
6.77530431747437,51.4893379211426,0.000,0.000,"33","46",Duisburg,Germany,"514628",N,./0.png
-0.177998125553131,51.4879112243652,0.000,0.000,"34","47",London,UK,"11100000",Y,./0.png
7.12243509292603,51.3540420532227,0.000,0.000,"35","49",Essen,Germany,"3867000",N,./0.png
12.3980741500854,51.3493309020996,0.000,0.000,"36","50",Leipzig,Germany,"700000",N,./0.png
4.42605447769165,51.207347869873,0.000,0.000,"37","51",Antwerpen,Belgium,"1100000",N,./0.png
17.0381278991699,51.1218185424805,0.000,0.000,"38","52",Wroclaw,Poland,"640200",N,./0.png
3.73629117012024,51.0475540161133,0.000,0.000,"39","53",Gent,Belgium,"465000",N,./0.png
13.7053575515747,51.0456809997559,0.000,0.000,"40","54",Dresden,Germany,"670000",N,./0.png
-114.050003051758,51.0299987792969,0.000,0.000,"41","55",Calgary,Canada,"671326",N,./0.png
6.93487167358398,50.9423446655273,0.000,0.000,"42","56",Koln,Germany,"1760000",N,./0.png
4.36761236190796,50.8370475769043,0.000,0.000,"43","57",Bruxelles,Belgium,"2385000",Y,./0.png
7.09981870651245,50.7345581054688,0.000,0.000,"44","58",Bonn,Germany,"570000",N,./0.png
3.06290125846863,50.6320838928223,0.000,0.000,"45","59",Lille,France,"1020000",N,./0.png
5.56943559646606,50.6225280761719,0.000,0.000,"46","60",Liege,Belgium,"750000",N,./0.png
30.5021114349365,50.4481582641602,0.000,0.000,"47","61",Kiev,Ukraine,"2900000",Y,./0.png
8.66816711425781,50.129997253418,0.000,0.000,"48","62",Frankfurt am Main,Germany,"1855000",N,./0.png
14.4565200805664,50.1058959960938,0.000,0.000,"49","63",Praha,Czech Repub,"1325000",Y,./0.png
19.9450569152832,50.0622406005859,0.000,0.000,"50","64",Krakow,Poland,"828000",N,./0.png
-97.1244430541992,49.9211692810059,0.000,0.000,"51","66",Winnipeg,Canada,"625304",N,./0.png
73.20263671875,49.879207611084,0.000,0.000,"52","67",Karaganda,Kazakhstan,"614000",N,./0.png
24.0345211029053,49.8373107910156,0.000,0.000,"53","68",Lvov,Ukraine,"790000",N,./0.png
16.6162452697754,49.2029800415039,0.000,0.000,"54","70",Brno,Czech Repub,"450000",N,./0.png
2.43283271789551,48.8815536499023,0.000,0.000,"55","72",Paris,France,"9775000",Y,./0.png
44.4836311340332,48.7102470397949,0.000,0.000,"56","73",Volgograd,Russia,"1360000",N,./0.png
7.76799440383911,48.5834350585938,0.000,0.000,"57","74",Strasbourg,France,"400000",N,./0.png
14.2939014434814,48.2975959777832,0.000,0.000,"58","77",Linz,Austria,"335000",N,./0.png
16.3209857940674,48.2021179199219,0.000,0.000,"59","78",Vienna,Austria,"1875000",Y,./0.png
11.5429534912109,48.1409759521484,0.000,0.000,"60","80",Munchen,Germany,"1955000",N,./0.png
37.7370529174805,48.0401458740234,0.000,0.000,"61","81",Donets'k,Ukraine,"2200000",N,./0.png
106.912353515625,47.928596496582,0.000,0.000,"62","82",Ulaanbaatar,Mongolia,"548400",Y,./0.png
19.0942497253418,47.5146255493164,0.000,0.000,"63","85",Budapest,Hungary,"2565000",Y,./0.png
123.964965820312,47.3440055847168,0.000,0.000,"64","86",Qiqihar,China,"1150000",N,./0.png
11.3499822616577,47.2654609680176,0.000,0.000,"65","87",Innsbruck,Austria,"185000",N,./0.png
39.6880378723145,47.2320976257324,0.000,0.000,"66","88",Rostov-na-Donu,Russia,"1165000",N,./0.png
-1.56156122684479,47.2194328308105,0.000,0.000,"67","89",Nantes,France,"464857",N,./0.png
15.4311008453369,47.0649223327637,0.000,0.000,"68","90",Graz,Austria,"325000",N,./0.png
7.44573640823364,46.9482078552246,0.000,0.000,"69","91",Bern,Switzerland,"298800",Y,./0.png
-71.2449340820312,46.802074432373,0.000,0.000,"70","92",Quebec,Canada,"603267",N,./0.png
30.6839370727539,46.5722007751465,0.000,0.000,"71","93",Odessa,Ukraine,"1185000",N,./0.png
126.622634887695,45.7552185058594,0.000,0.000,"72","95",Harbin,China,"2670000",N,./0.png
4.85540056228638,45.7470817565918,0.000,0.000,"73","96",Lyon,France,"1275000",N,./0.png
-73.6535339355469,45.541015625,0.000,0.000,"74","98",Montreal,Canada,"2921357",N,./0.png
9.19046401977539,45.4733810424805,0.000,0.000,"75","99",Milano,Italy,"3750000",N,./0.png
12.370719909668,45.4247741699219,0.000,0.000,"76","101",Venezia,Italy,"420000",N,./0.png
-75.650749206543,45.3742179870605,0.000,0.000,"77","102",Ottawa,Canada,"819263",Y,./0.png
7.66642618179321,45.0748748779297,0.000,0.000,"78","103",Torino,Italy,"1550000",N,./0.png
-93.3077926635742,44.924186706543,0.000,0.000,"79","104",Minneapolis,US,"2012400",N,./0.png
-0.599498748779297,44.8414726257324,0.000,0.000,"80","105",Bordeaux,France,"640012",N,./0.png
20.4125556945801,44.7996826171875,0.000,0.000,"81","106",Beograd,Serbia,"1400000",Y,./0.png
26.1229763031006,44.4304847717285,0.000,0.000,"82","107",Bucuresti,Romania,"2250000",Y,./0.png
125.312652587891,43.8813171386719,0.000,0.000,"83","109",Changchung,China,"1740000",N,./0.png
126.56706237793,43.8502159118652,0.000,0.000,"84","110",Jilin,China,"1170000",N,./0.png
87.5865173339844,43.7826652526855,0.000,0.000,"85","111",Urumqi,China,"1040000",N,./0.png
11.207745552063,43.7815742492676,0.000,0.000,"86","112",Firenze,Italy,"640000",N,./0.png
-79.4126358032227,43.7207679748535,0.000,0.000,"87","113",Toronto,Canada,"3427168",N,./0.png
1.43798303604126,43.5999603271484,0.000,0.000,"88","114",Toulouse,France,"541271",N,./0.png
-2.97378325462341,43.2821578979492,0.000,0.000,"89","116",Bilbao,Spain,"985000",N,./0.png
76.9126281738281,43.2550621032715,0.000,0.000,"90","117",Almaty,Kazakhstan,"1190000",Y,./0.png
-77.635612487793,43.2104644775391,0.000,0.000,"91","118",Rochester,US,"816200",N,./0.png
-87.9907379150391,43.0679473876953,0.000,0.000,"92","120",Milwaukee,US,"1374700",N,./0.png
141.345474243164,43.0552520751953,0.000,0.000,"93","121",Sapporo,Japan,"1900000",N,./0.png
-78.8484344482422,42.8986625671387,0.000,0.000,"94","122",Buffalo,US,"1483000",N,./0.png
23.3318710327148,42.7072639465332,0.000,0.000,"95","123",Sofiya,Bulgaria,"1205000",Y,./0.png
-83.0789260864258,42.3943138122559,0.000,0.000,"96","124",Detroit,US,"4691900",N,./0.png
-71.1025848388672,42.3752975463867,0.000,0.000,"97","125",Boston,US,"3971700",N,./0.png
123.905570983887,41.8591575622559,0.000,0.000,"98","127",Fushun,China,"1270000",N,./0.png
-87.6413040161133,41.826545715332,0.000,0.000,"99","128",Chicago,US,"7717100",N,./0.png
123.383056640625,41.8021621704102,0.000,0.000,"100","129",Shenyang,China,"3840000",N,./0.png
44.7831268310547,41.721809387207,0.000,0.000,"101","130",T'Bilisi,Georgia,"1460000",Y,./0.png
-0.878205060958862,41.6512641906738,0.000,0.000,"102","131",Zaragoza,Spain,"575317",N,./0.png
-81.7275085449219,41.3907165527344,0.000,0.000,"103","132",Cleveland,US,"2218400",N,./0.png
19.8318042755127,41.3316535949707,0.000,0.000,"104","134",Tirane,Albania,"210800",Y,./0.png
122.977012634277,41.1152458190918,0.000,0.000,"105","137",Anshan,China,"1300000",N,./0.png
29.0060691833496,41.0659561157227,0.000,0.000,"106","138",Istanbul,Turkey,"5750000",N,./0.png
-111.89217376709,40.693920135498,0.000,0.000,"107","140",Salt Lake City,US,"682400",N,./0.png
-79.9970855712891,40.4972038269043,0.000,0.000,"108","144",Pittsburgh,US,"2218800",N,./0.png
-3.69096946716309,40.4422187805176,0.000,0.000,"109","145",Madrid,Spain,"4650000",Y,./0.png
49.8162384033203,40.3242988586426,0.000,0.000,"110","146",Baku,Azerbaijan,"2020000",Y,./0.png
44.5326690673828,40.2080230712891,0.000,0.000,"111","147",Yerevan,Armenia,"1315000",Y,./0.png
-82.9927062988281,40.0446434020996,0.000,0.000,"112","148",Columbus,US,"963600",N,./0.png
32.853271484375,39.929328918457,0.000,0.000,"113","149",Ankara,Turkey,"2400000",Y,./0.png
-75.2182235717773,39.9275512695312,0.000,0.000,"114","150",Philadelphia,US,"5208600",N,./0.png
116.388038635254,39.906192779541,0.000,0.000,"115","151",Beijing,China,"6450000",Y,./0.png
41.2918243408203,39.9044532775879,0.000,0.000,"116","152",Erzurum,Turkey,"246053",N,./0.png
66.9476013183594,39.6575813293457,0.000,0.000,"117","153",Samarkand,Uzbekistan,"366000",N,./0.png
118.180213928223,39.6154441833496,0.000,0.000,"118","154",Tangshan,China,"1060000",N,./0.png
-0.367400944232941,39.4709167480469,0.000,0.000,"119","156",Valencia,Spain,"1270000",N,./0.png
-76.6183776855469,39.3218841552734,0.000,0.000,"120","157",Baltimore,US,"1960400",N,./0.png
9.10890960693359,39.2251434326172,0.000,0.000,"121","158",Cagliari,Italy,"305000",N,./0.png
-84.4770202636719,39.1480102539062,0.000,0.000,"122","159",Cincinnati,US,"1480100",N,./0.png
117.18522644043,39.1284141540527,0.000,0.000,"123","160",Tianjin,China,"4880000",N,./0.png
125.757514953613,39.0285148620605,0.000,0.000,"124","161",Pyongyang,Korea D P Rp,"1600000",Y,./0.png
-94.6265640258789,38.9941177368164,0.000,0.000,"125","162",Kansas City,US,"1272400",N,./0.png
-76.9538345336914,38.8909111022949,0.000,0.000,"126","163",Washington D.C.,US,"3221400",Y,./0.png
-90.3419799804688,38.6388854980469,0.000,0.000,"127","165",St. Louis,US,"2203000",N,./0.png
-121.422706604004,38.5670166015625,0.000,0.000,"128","166",Sacramento,US,"866400",N,./0.png
46.2901191711426,38.0809783935547,0.000,0.000,"129","169",Tabriz,Iran,"971482",N,./0.png
114.559707641602,38.0770950317383,0.000,0.000,"130","170",Shijiazhuang,China,"1190000",N,./0.png
58.3901329040527,37.9504203796387,0.000,0.000,"131","171",Ashkhabad,Turkmenistan,"398000",Y,./0.png
112.551704406738,37.8930549621582,0.000,0.000,"132","173",Taiyuan,China,"1660000",N,./0.png
126.935249328613,37.542350769043,0.000,0.000,"133","175",Seoul,Korea Rep,"15850000",Y,./0.png
-5.97083187103271,37.3726463317871,0.000,0.000,"134","177",Sevilla,Spain,"945000",N,./0.png
35.3243637084961,36.9999809265137,0.000,0.000,"135","179",Adana,Turkey,"777554",N,./0.png
-76.2685699462891,36.8792915344238,0.000,0.000,"136","180",Norfolk,US,"795600",N,./0.png
10.1659603118896,36.8188133239746,0.000,0.000,"137","181",Tunis,Tunisia,"1225000",Y,./0.png
118.062042236328,36.7914962768555,0.000,0.000,"138","182",Zibo,China,"830000",N,./0.png
116.967056274414,36.6555366516113,0.000,0.000,"139","184",Jinan,China,"1460000",N,./0.png
43.1371269226074,36.3355674743652,0.000,0.000,"140","185",Mosul,Iraq,"570926",N,./0.png
59.596851348877,36.2900695800781,0.000,0.000,"141","186",Mashhad,Iran,"1463508",N,./0.png
37.1592826843262,36.2155456542969,0.000,0.000,"142","187",Aleppo,Syria,"1216000",N,./0.png
103.599594116211,36.1134300231934,0.000,0.000,"143","188",Lanzhou,China,"1270000",N,./0.png
128.591384887695,35.8635368347168,0.000,0.000,"144","190",Taegu,Korea Rep,"2206000",N,./0.png
51.4476509094238,35.7744750976562,0.000,0.000,"145","191",Tehran,Iran,"6400000",Y,./0.png
139.809188842773,35.6830558776855,0.000,0.000,"146","193",Tokyo,Japan,"23620000",Y,./0.png
139.72721862793,35.5045700073242,0.000,0.000,"147","194",Kawasaki,Japan,"1088624",N,./0.png
-97.5302963256836,35.4895896911621,0.000,0.000,"148","195",Oklahoma City,US,"742000",N,./0.png
139.619659423828,35.437385559082,0.000,0.000,"149","196",Yokohama,Japan,"2992926",N,./0.png
-80.8356857299805,35.2058143615723,0.000,0.000,"150","197",Charlotte,US,"479200",N,./0.png
129.0546875,35.1578674316406,0.000,0.000,"151","198",Pusan,Korea Rep,"3800000",N,./0.png
136.920593261719,35.1549224853516,0.000,0.000,"152","199",Nagoya,Japan,"4800000",N,./0.png
-90.0003280639648,35.1147270202637,0.000,0.000,"153","200",Memphis,US,"852900",N,./0.png
135.754821777344,35.0091285705566,0.000,0.000,"154","201",Kyoto,Japan,"1479218",N,./0.png
113.641777038574,34.757682800293,0.000,0.000,"155","202",Zhengzhou,China,"1170000",N,./0.png
36.7181739807129,34.7338752746582,0.000,0.000,"156","203",Homs,Syria,"431000",N,./0.png
112.361236572266,34.6713485717773,0.000,0.000,"157","204",Luoyang,China,"740000",N,./0.png
135.519119262695,34.6355285644531,0.000,0.000,"158","205",Osaka,Japan,"15040000",N,./0.png
69.1367568969727,34.5309066772461,0.000,0.000,"159","206",Kabul,Afghanistan,"1179000",Y,./0.png
132.444778442383,34.377555847168,0.000,0.000,"160","208",Hiroshima,Japan,"1575000",N,./0.png
108.883361816406,34.265697479248,0.000,0.000,"161","209",Xian,China,"2050000",N,./0.png
-4.99554777145386,34.0435676574707,0.000,0.000,"162","210",Fes,Morocco,"535000",N,./0.png
-84.3492279052734,33.7957000732422,0.000,0.000,"163","215",Atlanta,US,"1962500",N,./0.png
73.060546875,33.7181510925293,0.000,0.000,"164","216",Islamabad,Pakistan,"204364",Y,./0.png
73.0437469482422,33.6058044433594,0.000,0.000,"165","217",Rawalpindi,Pakistan,"836000",N,./0.png
36.3134536743164,33.5193023681641,0.000,0.000,"166","220",Damascus,Syria,"1850000",Y,./0.png
-112.110260009766,33.5090217590332,0.000,0.000,"167","221",Phoenix,US,"1482400",N,./0.png
44.397834777832,33.3340377807617,0.000,0.000,"168","222",Baghdad,Iraq,"3841268",Y,./0.png
-96.663688659668,32.763729095459,0.000,0.000,"169","224",Dallas,US,"2727300",N,./0.png
51.6791877746582,32.6513900756836,0.000,0.000,"170","226",Esfahan,Iran,"986753",N,./0.png
118.768905639648,32.0483665466309,0.000,0.000,"171","227",Nanjing,China,"2290000",N,./0.png
35.9329071044922,31.9493827819824,0.000,0.000,"172","229",Amman,Jordan,"1250000",Y,./0.png
74.8715515136719,31.6308898925781,0.000,0.000,"173","230",Amritsar,India,"594844",N,./0.png
74.3406753540039,31.5450534820557,0.000,0.000,"174","232",Lahore,Pakistan,"3025000",N,./0.png
73.0834579467773,31.4089508056641,0.000,0.000,"175","233",Faisalabad,Pakistan,"1104209",N,./0.png
121.47265625,31.2478694915771,0.000,0.000,"176","234",Shanghai,China,"9300000",N,./0.png
104.071273803711,30.6700687408447,0.000,0.000,"177","236",Chengdu,China,"1810000",N,./0.png
114.279220581055,30.5724983215332,0.000,0.000,"178","237",Wuhan,China,"3490000",N,./0.png
47.7608642578125,30.503490447998,0.000,0.000,"179","238",Al Basra,Iraq,"616700",N,./0.png
120.165077209473,30.2526245117188,0.000,0.000,"180","239",Hangzhou,China,"1270000",N,./0.png
31.2507972717285,30.0779113769531,0.000,0.000,"181","241",Cairo,Egypt,"9300000",Y,./0.png
-90.0986862182617,29.9563789367676,0.000,0.000,"182","242",New Orleans,US,"1185000",N,./0.png
-95.407112121582,29.7718296051025,0.000,0.000,"183","243",Houston,US,"2755100",N,./0.png
91.1320877075195,29.6507034301758,0.000,0.000,"184","244",Lhasa,China,"84400",N,./0.png
106.522689819336,29.5441036224365,0.000,0.000,"185","245",Chongqing,China,"2450000",N,./0.png
-98.5245742797852,29.4299221038818,0.000,0.000,"186","246",San Antonio,US,"968200",N,./0.png
115.88941192627,28.6712398529053,0.000,0.000,"187","249",Nanchang,China,"1030000",N,./0.png
77.2167510986328,28.5687255859375,0.000,0.000,"188","250",New Delhi,India,"273036",Y,./0.png
77.2243728637695,28.5264587402344,0.000,0.000,"189","251",Delhi,India,"7200000",N,./0.png
112.968482971191,28.1976413726807,0.000,0.000,"190","252",Changsha,China,"1190000",N,./0.png
85.3129501342773,27.7120170593262,0.000,0.000,"191","254",Kathmandu,Nepal,"320000",Y,./0.png
89.6673278808594,27.44260597229,0.000,0.000,"192","255",Thimbu,Bhutan,"12000",Y,./0.png
75.8012771606445,26.9051132202148,0.000,0.000,"193","256",Jaipur,India,"1025000",N,./0.png
80.9197235107422,26.8494281768799,0.000,0.000,"194","257",Lucknow,India,"1060000",N,./0.png
106.700302124023,26.5719413757324,0.000,0.000,"195","258",Guiyang,China,"1010000",N,./0.png
80.3178634643555,26.4578304290771,0.000,0.000,"196","259",Kanpur,India,"1875000",N,./0.png
119.303520202637,26.0710163116455,0.000,0.000,"197","261",Fuzhou,China,"890000",N,./0.png
-80.2702178955078,25.8321304321289,0.000,0.000,"198","262",Miami,US,"2827300",N,./0.png
-100.317085266113,25.6773529052734,0.000,0.000,"199","263",Monterrey,Mexico,"2015000",N,./0.png
85.1353454589844,25.6138973236084,0.000,0.000,"200","264",Patna,India,"1025000",N,./0.png
68.3664703369141,25.3801860809326,0.000,0.000,"201","265",Hyderabad,Pakistan,"800000",N,./0.png
82.9563369750977,25.2820110321045,0.000,0.000,"202","266",Benares,India,"925000",N,./0.png
51.4972343444824,25.2036418914795,0.000,0.000,"203","267",Doha,Qatar,"310000",Y,./0.png
102.702125549316,25.0510330200195,0.000,0.000,"204","268",Kunming,China,"1280000",N,./0.png
121.506729125977,25.0350914001465,0.000,0.000,"205","269",Taipei,Taiwan,"6130000",Y,./0.png
120.670280456543,24.1436424255371,0.000,0.000,"206","273",T`ai-chung,Taiwan,"715107",N,./0.png
90.4071426391602,23.7099189758301,0.000,0.000,"207","274",Dhaka,Bangladesh,"3430312",Y,./0.png
113.293609619141,23.0961952209473,0.000,0.000,"208","278",Guangzhou,China,"3050000",N,./0.png
72.5668640136719,23.0397911071777,0.000,0.000,"209","279",Ahmadabad,India,"2400000",N,./0.png
89.5582427978516,22.8426475524902,0.000,0.000,"210","281",Khulna,Bangladesh,"648359",N,./0.png
88.3342208862305,22.5435371398926,0.000,0.000,"211","283",Calcutta,India,"11100000",N,./0.png
-97.8426284790039,22.2432346343994,0.000,0.000,"212","286",Tampico,Mexico,"435000",N,./0.png
96.0841522216797,21.975944519043,0.000,0.000,"213","287",Mandalay,Burma,"532895",N,./0.png
39.8148384094238,21.4273815155029,0.000,0.000,"214","289",Mecca,Saudi Arabia,"550000",N,./0.png
79.089111328125,21.1557579040527,0.000,0.000,"215","291",Nagpur,India,"1302066",N,./0.png
105.81990814209,21.0319480895996,0.000,0.000,"216","292",Hanoi,Vietnam,"1500000",Y,./0.png
106.679794311523,20.8613586425781,0.000,0.000,"217","293",Haiphong,Vietnam,"385210",N,./0.png
-89.552864074707,20.8218688964844,0.000,0.000,"218","294",Merida,Mexico,"400142",N,./0.png
-103.343795776367,20.6735916137695,0.000,0.000,"219","295",Guadalajara,Mexico,"2325000",N,./0.png
37.2196884155273,19.6157131195068,0.000,0.000,"220","296",Bur Sudan,Sudan,"206727",N,./0.png
-99.127571105957,19.4270458221436,0.000,0.000,"221","297",Mexico City,Mexico,"14100000",Y,./0.png
-98.1929473876953,19.0486316680908,0.000,0.000,"222","299",Puebla de Zaragoza,Mexico,"1055000",N,./0.png
73.8522720336914,18.5357475280762,0.000,0.000,"223","301",Pune,India,"1775000",N,./0.png
-72.3431091308594,18.5266170501709,0.000,0.000,"224","302",Port-au-Prince,Haiti,"880000",Y,./0.png
-66.0817565917969,18.4006156921387,0.000,0.000,"225","304",San Juan,Puerto Rico,"1775260",Y,./0.png
-76.7973022460938,18.0157127380371,0.000,0.000,"226","306",Kingston,Jamaica,"770000",Y,./0.png
78.4850311279297,17.3945465087891,0.000,0.000,"227","308",Hyderabad,India,"2750000",N,./0.png
96.1248931884766,16.8722229003906,0.000,0.000,"228","310",Rangoon,Burma,"2800000",Y,./0.png
44.2095031738281,15.3614444732666,0.000,0.000,"229","312",Sanaa,Yemen,"427150",Y,./0.png
-90.52490234375,14.6180076599121,0.000,0.000,"230","317",Guatemala,Guatemala,"1400000",Y,./0.png
-87.2030944824219,14.0990505218506,0.000,0.000,"231","319",Tegucigalpa,Honduras,"551606",Y,./0.png
100.552665710449,13.7455711364746,0.000,0.000,"232","320",Bangkok,Thailand,"6450000",Y,./0.png
-89.2002334594727,13.7014122009277,0.000,0.000,"233","321",San Salvador,El Salvador,"920000",Y,./0.png
2.08344984054565,13.6045436859131,0.000,0.000,"234","322",Niamey,Niger,"398265",Y,./0.png
80.2478256225586,13.0615034103394,0.000,0.000,"235","323",Madras,India,"4475000",N,./0.png
77.5877304077148,12.9747505187988,0.000,0.000,"236","324",Bangalore,India,"2950000",N,./0.png
-7.98648166656494,12.6529502868652,0.000,0.000,"237","326",Bamako,Mali,"646163",Y,./0.png
-86.2730331420898,12.1514730453491,0.000,0.000,"238","328",Managua,Nicaragua,"682000",Y,./0.png
104.913192749023,11.564736366272,0.000,0.000,"239","332",Phnom Penh,Cambodia,"700000",Y,./0.png
106.662452697754,10.7591819763184,0.000,0.000,"240","334",Ho Chi Minh City,Vietnam,"3100000",N,./0.png
-71.6371459960938,10.6450433731079,0.000,0.000,"241","335",Maracaibo,Venezuela,"890643",N,./0.png
-66.8982849121094,10.4960489273071,0.000,0.000,"242","336",Caracas,Venezuela,"3600000",Y,./0.png
-69.3391952514648,10.0656652450562,0.000,0.000,"243","337",Barquisimeto,Venezuela,"497635",N,./0.png
-84.07861328125,9.93047618865967,0.000,0.000,"244","338",San Jose,Costa Rica,"670000",Y,./0.png
78.1217269897461,9.91398620605469,0.000,0.000,"245","339",Madurai,India,"960000",N,./0.png
3.8952784538269,7.37884044647217,0.000,0.000,"246","344",Ibadan,Nigeria,"1144000",N,./0.png
125.613677978516,7.08008003234863,0.000,0.000,"247","345",Davao,Philippines,"408775",N,./0.png
7.4920802116394,6.45053863525391,0.000,0.000,"248","350",Enugu,Nigeria,"252500",N,./0.png
-75.5920333862305,6.24114656448364,0.000,0.000,"249","352",Medellin,Colombia,"2095000",N,./0.png
-0.200923636555672,5.55856275558472,0.000,0.000,"250","355",Accra,Ghana,"1250000",Y,./0.png
-4.02188682556152,5.32485723495483,0.000,0.000,"251","356",Abidjan,Ivory Coast,"1950000",Y,./0.png
-74.0805130004883,4.63021993637085,0.000,0.000,"252","358",Bogota,Colombia,"4260000",Y,./0.png
18.5623416900635,4.3658561706543,0.000,0.000,"253","359",Bangui,Cent Af Rep,"473817",Y,./0.png
11.5136413574219,3.86512303352356,0.000,0.000,"254","361",Yaounde,Cameroon,"653670",Y,./0.png
98.6755981445312,3.58524203300476,0.000,0.000,"255","362",Medan,Indonesia,"1373747",N,./0.png
-76.5224380493164,3.45685529708862,0.000,0.000,"256","363",Cali,Colombia,"1400000",N,./0.png
101.707672119141,3.1502103805542,0.000,0.000,"257","364",Kuala Lumpur,Malaysia,"1475000",Y,./0.png
45.3441429138184,2.04117751121521,0.000,0.000,"258","365",Muqdisho,Somalia,"600000",Y,./0.png
25.1961479187012,0.519284904003143,0.000,0.000,"259","367",Kisangani,Zaire,"282650",N,./0.png
-78.524284362793,-0.229498133063316,0.000,0.000,"260","370",Quito,Ecuador,"1050000",Y,./0.png
-73.1914901733398,-3.75289535522461,0.000,0.000,"261","374",Iquitos,Peru,"178738",N,./0.png
-38.5889015197754,-3.78332185745239,0.000,0.000,"262","375",Fortaleza,Brazil,"1825000",N,./0.png
15.2851486206055,-4.28518676757812,0.000,0.000,"263","377",Brazzaville,Congo,"585812",Y,./0.png
22.4027786254883,-5.89221096038818,0.000,0.000,"264","379",Kananga,Zaire,"290898",N,./0.png
39.2533493041992,-6.81735897064209,0.000,0.000,"265","381",Dar es Salaam,Tanzania,"1300000",Y,./0.png
107.606903076172,-6.91243028640747,0.000,0.000,"266","382",Bandung,Indonesia,"1800000",N,./0.png
-34.9146385192871,-8.08516788482666,0.000,0.000,"267","385",Recife,Brazil,"2625000",N,./0.png
13.464879989624,-12.7177352905273,0.000,0.000,"268","391",Benguela,Angola,"155000",N,./0.png
-47.8977470397949,-15.7921094894409,0.000,0.000,"269","395",Brasilia,Brazil,"1567709",Y,./0.png
-71.5227432250977,-16.3975391387939,0.000,0.000,"270","396",Arequipa,Peru,"446942",N,./0.png
-68.1462478637695,-16.4990062713623,0.000,0.000,"271","397",La Paz,Bolivia,"992592",Y,./0.png
-49.254810333252,-16.7266998291016,0.000,0.000,"272","398",Goiania,Brazil,"990000",N,./0.png
-63.1974182128906,-17.7887916564941,0.000,0.000,"273","400",Santa Cruz de La Sierra,Bolivia,"441717",N,./0.png
-65.2558822631836,-19.0421352386475,0.000,0.000,"274","402",Sucre,Bolivia,"86609",N,./0.png
-43.9090690612793,-19.8517208099365,0.000,0.000,"275","404",Belo Horizonte,Brazil,"2950000",N,./0.png
-43.4551773071289,-22.7215728759766,0.000,0.000,"276","406",Rio de Janeiro,Brazil,"10150000",N,./0.png
-46.6228981018066,-23.5813045501709,0.000,0.000,"277","407",Sao Paulo,Brazil,"15175000",N,./0.png
-46.3094940185547,-23.9547004699707,0.000,0.000,"278","408",Santos,Brazil,"1065000",N,./0.png
25.7948017120361,-24.6614418029785,0.000,0.000,"279","409",Gaborone,Botswana,"95163",Y,./0.png
-49.2845077514648,-25.4304790496826,0.000,0.000,"280","411",Curitiba,Brazil,"1700000",N,./0.png
28.2183723449707,-25.7313461303711,0.000,0.000,"281","412",Pretoria,South Africa,"960000",Y,./0.png
32.5736923217773,-25.9621543884277,0.000,0.000,"282","413",Maputo,Mozambique,"1069727",Y,./0.png
28.0043087005615,-26.1789569854736,0.000,0.000,"283","414",Johannesburg,South Africa,"3650000",N,./0.png
153.026489257812,-27.4539127349854,0.000,0.000,"284","415",Brisbane,Australia,"1149401",N,./0.png
30.9421882629395,-29.8363723754883,0.000,0.000,"285","416",Durban,South Africa,"1550000",N,./0.png
-51.2079887390137,-30.0395336151123,0.000,0.000,"286","417",Porto Alegre,Brazil,"2600000",N,./0.png
-64.1798553466797,-31.3162784576416,0.000,0.000,"287","418",Cordoba,Argentina,"1070000",N,./0.png
-60.6978416442871,-31.6168975830078,0.000,0.000,"288","419",Santa Fe,Argentina,"292165",N,./0.png
-68.8297348022461,-32.8974380493164,0.000,0.000,"289","421",Mendoza,Argentina,"650000",N,./0.png
-60.6639404296875,-32.9377365112305,0.000,0.000,"290","422",Rosario,Argentina,"1045000",N,./0.png
-70.6475143432617,-33.475025177002,0.000,0.000,"291","424",Santiago,Chile,"4100000",Y,./0.png
25.4842987060547,-33.8815765380859,0.000,0.000,"292","425",Port Elizabeth,South Africa,"690000",N,./0.png
151.028198242188,-33.8897743225098,0.000,0.000,"293","426",Sydney,Australia,"3364858",N,./0.png
-58.4095916748047,-34.6654014587402,0.000,0.000,"294","428",Buenos Aires,Argentina,"10750000",Y,./0.png
149.041625976562,-35.349925994873,0.000,0.000,"295","431",Canberra,Australia,"271362",Y,./0.png
174.801055908203,-36.893253326416,0.000,0.000,"296","432",Auckland,New Zealand,"850000",N,./0.png
145.075103759766,-37.8529586791992,0.000,0.000,"297","433",Melbourne,Australia,"2832893",N,./0.png
-62.2740669250488,-38.7252731323242,0.000,0.000,"298","434",Bahia Blanca,Argentina,"223818",N,./0.png
172.683654785156,-43.5489158630371,0.000,0.000,"299","436",Christchurch,New Zealand,"320000",N,./0.png
24.9766998291016,60.1964225769043,0.000,0.000,"300","437",Helsinki,Finland,"900000",Y,./0.png
10.7592582702637,34.745231628418,0.000,0.000,"301","440",Sfax,Tunisia,"310000",N,./0.png
135.181838989258,34.6638412475586,0.000,0.000,"302","441",Kobe,Japan,"1410834",N,./0.png
35.2252197265625,31.7737464904785,0.000,0.000,"303","442",Jerusalem,Israel,"490000",N,./0.png
-68.0031127929688,10.1782207489014,0.000,0.000,"304","443",Valencia,Venezuela,"616224",N,./0.png
-79.9093933105469,-2.20381617546082,0.000,0.000,"305","445",Guayaquil,Ecuador,"1255000",N,./0.png
-122.308815002441,37.7275123596191,0.000,0.000,"306","174",San Francisco,US,"4053800",N,./0.png
-3.29878330230713,55.8752517700195,0.000,0.000,"307","14",Edinburgh,UK,"630000",N,./0.png
13.9328374862671,45.7002830505371,0.000,0.000,"308","97",Trieste,Italy,"239031",N,./0.png
130.317184448242,33.3099060058594,0.000,0.000,"309","219",Fukuoka,Japan,"1750000",N,./0.png
130.797454833984,33.6818656921387,0.000,0.000,"310","213",Kita Kyushu,Japan,"1525000",N,./0.png
15.2408237457275,12.1041393280029,0.000,0.000,"311","329",N'Djamena,Chad,"303000",Y,./0.png
13.2118225097656,32.7516174316406,0.000,0.000,"312","223",Tripoli,Libya,"990697",Y,./0.png
27.2057685852051,38.4389190673828,0.000,0.000,"313","167",Izmir,Turkey,"1550000",N,./0.png
15.4692935943604,-4.38867473602295,0.000,0.000,"314","378",Kinshasa,Zaire,"3000000",Y,./0.png
138.870681762695,-34.9185371398926,0.000,0.000,"315","430",Adelaide,Australia,"977721",N,./0.png
106.762466430664,-6.29390430450439,0.000,0.000,"316","380",Jakarta,Indonesia,"8600000",Y,./0.png
110.444259643555,-7.02784442901611,0.000,0.000,"317","383",Semarang,Indonesia,"1024940",N,./0.png
-76.8356323242188,-12.0435400009155,0.000,0.000,"318","389",Callao,Peru,"264133",N,./0.png
-48.316276550293,-1.60532903671265,0.000,0.000,"319","372",Belem,Brazil,"1200000",N,./0.png
120.434127807617,36.1483535766602,0.000,0.000,"320","189",Qingdao,China,"1270000",N,./0.png
102.680236816406,18.0017318725586,0.000,0.000,"321","307",Vientiane,Laos,"377409",Y,./0.png
13.0908985137939,47.8011703491211,0.000,0.000,"322","83",Salzburg,Austria,"220000",N,./0.png
15.9643859863281,45.8070755004883,0.000,0.000,"323","94",Zagreb,Croatia,"697925",Y,./0.png
29.5335865020752,-3.26908373832703,0.000,0.000,"324","1002",Bujumbura,Burundi,"273000",Y,./0.png
33.3851623535156,35.1650695800781,0.000,0.000,"325","1003",Nicosia,Cyprus,"185000",Y,./0.png
29.9914855957031,-2.11793518066406,0.000,0.000,"326","1009",Kigali,Rwanda,"181600",Y,./0.png
14.639612197876,46.068302154541,0.000,0.000,"327","1010",Ljubljana,Slovenia,"233200",Y,./0.png
27.8903884887695,-29.2567100524902,0.000,0.000,"328","1005",Maseru,Lesotho,"109382",Y,./0.png
6.27325582504272,49.740406036377,0.000,0.000,"329","1066",Luxembourg,Luxembourg,"133000",Y,./0.png
4.30062437057495,51.903621673584,0.000,0.000,"330","42",The Hague,Netherlands,"770000",Y,./0.png
17.2698059082031,48.2745094299316,0.000,0.000,"331","79",Bratislava,Slovakia,"435499",Y,./0.png
-106.629997253418,52.1100006103516,0.000,0.000,"332","11",Saskatoon,Canada,"200665",N,./0.png
-104.650001525879,50.4099998474121,0.000,0.000,"333","12",Regina,Canada,"186521",N,./0.png
-106.449996948242,31.7800006866455,0.000,0.000,"334","14",El Paso,US,"1037700",N,./0.png
-81.6600036621094,30.3299999237061,0.000,0.000,"335","17",Jacksonville,US,"635900",N,./0.png
-80.7300033569336,51.3300018310547,0.000,0.000,"336","18",Moosonee,Canada,"-99",N,./0.png
-67.0100021362305,54.8600006103516,0.000,0.000,"337","19",Schefferville,Canada,"1997",N,./0.png
-60.5499992370605,53.310001373291,0.000,0.000,"338","23",Goose Bay,Canada,"-99",N,./0.png
-63.9000015258789,-8.75,0.000,0.000,"339","34",Porto Velho,Brazil,"202011",N,./0.png
-71.8600006103516,-13.6000003814697,0.000,0.000,"340","38",Cuzco,Peru,"184550",N,./0.png
-56.0499992370605,-15.5500001907349,0.000,0.000,"341","40",Cuiaba,Brazil,"279651",N,./0.png
-58.9000015258789,-27.3999996185303,0.000,0.000,"342","50",Resistencia,Argentina,"220104",N,./0.png
-3.00999999046326,16.7600002288818,0.000,0.000,"343","57",Tombouctoo,Mali,"31925",N,./0.png
13.2600002288818,11.8800001144409,0.000,0.000,"344","63",Maiduguri,Niger,"255100",N,./0.png
13.4499998092651,-5.80999994277954,0.000,0.000,"345","66",Matadi,Zaire,"144742",N,./0.png
15.7799997329712,-12.7299995422363,0.000,0.000,"346","67",Huambo,Angola,"203000",N,./0.png
24.8299999237061,-28.6599998474121,0.000,0.000,"347","70",Kimberley,South Africa,"145000",N,./0.png
27.8999996185303,-33.0299987792969,0.000,0.000,"348","72",East London,South Africa,"320000",N,./0.png
19.0,-7.32999992370605,0.000,0.000,"349","74",Kahemba,Zaire,"-99",N,./0.png
35.75,-6.17999982833862,0.000,0.000,"350","76",Dodoma,Tanzania,"54000",N,./0.png
17.2999992370605,68.3499984741211,0.000,0.000,"351","89",Narvik,Norway,"19080",N,./0.png
62.2099990844727,34.4599990844727,0.000,0.000,"352","96",Herat,Afghanistan,"160000",N,./0.png
37.75,55.8800010681152,0.000,0.000,"353","99",Druzba,Russia,"-99",N,./0.png
76.0,39.4799995422363,0.000,0.000,"354","100",Kashi,China,"146300",N,./0.png
121.529998779297,24.9799995422363,0.000,0.000,"355","108",Chingmei,Taiwan,"-99",N,./0.png
107.699996948242,16.4599990844727,0.000,0.000,"356","113",Hue,Vietnam,"165710",N,./0.png
110.430000305176,1.5,0.000,0.000,"357","114",Kuching,Malaysia,"72555",N,./0.png
116.860000610352,-1.21000003814697,0.000,0.000,"358","115",Balikpapan,Indonesia,"208040",N,./0.png
110.75,50.3300018310547,0.000,0.000,"359","116",Chatanga,Russia,"-99",N,./0.png
113.580001831055,52.0499992370605,0.000,0.000,"360","117",Chita,Russia,"-99",N,./0.png
133.410003662109,67.5800018310547,0.000,0.000,"361","119",Verkhoyvensk,Russia,"-99",N,./0.png
129.830001831055,62.0099983215332,0.000,0.000,"362","120",Yakutsk,Russia,"187000",N,./0.png
143.25,59.3300018310547,0.000,0.000,"363","121",Okhotsk,Russia,"-99",N,./0.png
45.5299987792969,50.0800018310547,0.000,0.000,"364","122",Nikolayevsk,Russia,"-99",N,./0.png
142.75,46.9599990844727,0.000,0.000,"365","123",Yuzhno-Sakhalinsk,Russia,"-99",N,./0.png
133.929992675781,-23.6299991607666,0.000,0.000,"366","131",Alice Springs,Australia,"-99",N,./0.png
145.710006713867,-16.8500003814697,0.000,0.000,"367","133",Cairns,Australia,"39096",N,./0.png
146.830001831055,-19.2999992370605,0.000,0.000,"368","134",Townsville,Australia,"106416",N,./0.png
150.479995727539,-23.4300003051758,0.000,0.000,"369","135",Rockhampton,Australia,"59056",N,./0.png
151.910003662109,-33,0.000,0.000,"370","136",Newcastle,Australia,"405089",N,./0.png
147.5,-43,0.000,0.000,"371","137",Hobart,Australia,"175082",N,./0.png
170.5,-45.8600006103516,0.000,0.000,"372","139",Dunedin,New Zealand,"109000",N,./0.png
-123.569107055664,48.6545677185059,0.000,0.000,"373","9",Victoria,Canada,"255547",N,./0.png
2.63250279426575,6.60109615325928,0.000,0.000,"374","349",Porto Novo,Benin,"164000",Y,./0.png
9.706374168396,4.13665008544922,0.000,0.000,"375","360",Douala,Cameroon,"1029731",N,./0.png
119.722793579102,-5.19043016433716,0.000,0.000,"376","128",Vjuag Padang,Indonesia,"708465",N,./0.png
129.312927246094,-3.3865532875061,0.000,0.000,"377","127",Ambon,Indonesia,"111914",N,./0.png
126.767440795898,37.5894508361816,0.000,0.000,"378","176",Inch`on,Korea Rep,"1604000",N,./0.png
121.598197937012,39.0317153930664,0.000,0.000,"379","448",Dalian,China,"1680000",N,./0.png
-122.641677856445,45.4421310424805,0.000,0.000,"380","100",Portland,US,"1227200",N,./0.png
-60.0146179199219,-3.12230491638184,0.000,0.000,"381","373",Manaus,Brazil,"809914",N,./0.png
-54.6100006103516,-2.46000003814697,0.000,0.000,"382","31",Santarem,Brazil,"226618",N,./0.png
168.449996948242,-46.4099998474121,0.000,0.000,"383","140",Invercargill,New Zealand,"52807",N,./0.png
40.1800003051758,-10.2600002288818,0.000,0.000,"384","77",Mtwara,Tanzania,"48510",N,./0.png
49.4099998474121,-18.2299995422363,0.000,0.000,"385","79",Toamasina,Madagascar,"100000",N,./0.png
26.2600002288818,-29.1499996185303,0.000,0.000,"386","71",Bloemfontein,South Africa,"235000",N,./0.png
28.7099990844727,-20.2000007629395,0.000,0.000,"387","69",Bulawayo,Zimbabwe,"413814",N,./0.png
25.8799991607666,-17.8299999237061,0.000,0.000,"388","68",Livingstone,Zambia,"61296",N,./0.png
39.7000007629395,24.4300003051758,0.000,0.000,"389","86",Al Madinah,Saudi Arabia,"290000",N,./0.png
31.2800006866455,21.7600002288818,0.000,0.000,"390","82",Wadi Halfa,Sudan,"-99",N,./0.png
32.9500007629395,24.0799999237061,0.000,0.000,"391","83",Aswan,Egypt,"191461",N,./0.png
13.9099998474121,25.9099998474121,0.000,0.000,"392","61",Murzuq,Libya,"-99",N,./0.png
-8.15999984741211,27.7000007629395,0.000,0.000,"393","56",Tindouf,Algeria,"-99",N,./0.png
7.98000001907349,16.9599990844727,0.000,0.000,"394","62",Agadez,Niger,"50164",N,./0.png
30.1599998474121,13.1800003051758,0.000,0.000,"395","81",El Obeid,Sudan,"140000",N,./0.png
18.4599990844727,0.050000000745058,0.000,0.000,"396","73",Mbandaka,Zaire,"125263",N,./0.png
-135.009994506836,60.6500015258789,0.000,0.000,"397","6",Whitehorse,Canada,"15199",N,./0.png
-70.8000030517578,-53.1500015258789,0.000,0.000,"398","47",Punte Arenas,Chile,"95332",N,./0.png
-73,-41.4799995422363,0.000,0.000,"399","46",Puerto Montt,Chile,"84410",N,./0.png
-69.4100036621094,-51.7099990844727,0.000,0.000,"400","48",Rio Gallegos,Argentina,"-99",N,./0.png
-67.5,-45.8300018310547,0.000,0.000,"401","49",Comodoro Rivadavia,Argentina,"96817",N,./0.png
32.560001373291,29.9599990844727,0.000,0.000,"402","85",Suez,Egypt,"326820",N,./0.png
29.9778099060059,31.0746040344238,0.000,0.000,"403","235",Alexandria,Egypt,"3350000",N,./0.png
40.7000007629395,-15.0500001907349,0.000,0.000,"404","78",Mocambique,Mozambique,"-99",N,./0.png
73.1723480224609,19.0453472137451,0.000,0.000,"405","298",Bombay,India,"9950000",N,./0.png
2.99369311332703,36.596492767334,0.000,0.000,"406","183",Algiers,Algeria,"2547983",Y,./0.png
36.2083129882812,49.989673614502,0.000,0.000,"407","65",Kharkov,Ukraine,"1940000",N,./0.png
35.1378936767578,48.4228897094727,0.000,0.000,"408","76",Dnepropetrovsk,Ukraine,"1600000",N,./0.png
24.7520561218262,59.2775726318359,0.000,0.000,"409","438",Tallinn,Estonia,"482000",Y,./0.png
97.0,47.810001373291,0.000,0.000,"410","106",Uliastay,Mongolia,"-99",N,./0.png
-69.9104919433594,18.4997291564941,0.000,0.000,"411","303",Santo Domingo,Dominican Rp,"1313172",Y,./0.png
114.967002868652,4.93300008773804,0.000,0.000,"412","1069",Bandar Seri Begawan,Brunei,"64000",Y,./0.png
-16.4946155548096,13.4452724456787,0.000,0.000,"413","1070",Banjul,Gambia,"95000",Y,./0.png
-61.490062713623,10.6397342681885,0.000,0.000,"414","1071",Port of Spain,Trinidad,"370000",Y,./0.png
-99.9314956665039,16.97438621521,0.000,0.000,"415","1072",Acapulco,Mexico,"301902",N,./0.png
177.130187988281,64.4001617431641,0.000,0.000,"416","1074",Anadyr,Russia,"-99",N,./0.png
-37.3118667602539,65.6699981689453,0.000,0.000,"417","1076",Angmagssalik,Greenland,"2618",N,./0.png
-70.2254486083984,-23.8325366973877,0.000,0.000,"418","1077",Antofagasta,Chile,"185486",N,./0.png
140.669998168945,40.75,0.000,0.000,"419","1078",Aomori,Japan,"294045",N,./0.png
20.3086757659912,32.0430526733398,0.000,0.000,"420","1079",Banghazi,Libya,"435886",N,./0.png
133.220001220703,-15.75,0.000,0.000,"421","1081",Birdum,Australia,"-99",N,./0.png
-60.5,2.75,0.000,0.000,"422","1082",Boa Vista,Brazil,"-99",N,./0.png
-79.8300018310547,-6.61999988555908,0.000,0.000,"423","1084",Chiclayo,Peru,"279527",N,./0.png
-78.4531478881836,-8.930100440979,0.000,0.000,"424","1085",Chimbote,Peru,"223341",N,./0.png
-94.1800003051758,58.710765838623,0.000,0.000,"425","1086",Churchill,Canada,"1304",N,./0.png
76.5217819213867,9.98798847198486,0.000,0.000,"426","1087",Cochin,India,"685836",N,./0.png
-72.8516387939453,-36.8832969665527,0.000,0.000,"427","1088",Concepcion,Chile,"675000",N,./0.png
-71.0199966430664,-31,0.000,0.000,"428","1089",Coquimbo,Chile,"62186",N,./0.png
130.994552612305,-12.7014999389648,0.000,0.000,"429","1090",Darwin,Australia,"72937",N,./0.png
43.0999984741211,11.5,0.000,0.000,"430","1091",Djibouti,Djibouti,"120000",Y,./0.png
115.9345703125,-32.0441665649414,0.000,0.000,"431","1094",Fremantle,Australia,"22484",N,./0.png
100.547142028809,5.34999990463257,0.000,0.000,"432","1095",George Town,Malaysia,"495000",N,./0.png
-53.6300010681152,69.3831405639648,0.000,0.000,"433","1096",Godhavn,Greenland,"1012",N,./0.png
-51.5800018310547,64.2711868286133,0.000,0.000,"434","1097",Godthab,Greenland,"12426",Y,./0.png
-63.5800018310547,44.6300010681152,0.000,0.000,"435","1098",Halifax,Canada,"295990",N,./0.png
23.9063415527344,70.3913269042969,0.000,0.000,"436","1099",Hammerfest,Norway,"7208",N,./0.png
86.5500030517578,67.3499984741211,0.000,0.000,"437","1101",Igarka,Russia,"-99",N,./0.png
2.52999997138977,27.2000007629395,0.000,0.000,"438","1102",In Salah,Algeria,"18800",N,./0.png
-133.669998168945,68.2699966430664,0.000,0.000,"439","1103",Inuvik,Canada,"-99",N,./0.png
30.0,-4.94999980926514,0.000,0.000,"440","1105",Kigoma,Tanzania,"50044",N,./0.png
47.0,61.1500015258789,0.000,0.000,"441","1106",Kotlas,Russia,"69000",N,./0.png
-13.1800003051758,27.0,0.000,0.000,"442","1107",Laayoune,W Sahara,"93875",N,./0.png
124.884239196777,1.420086145401,0.000,0.000,"443","1108",Manado,Indonesia,"217091",N,./0.png
75.1608810424805,12.9499998092651,0.000,0.000,"444","1109",Mangalore,India,"306078",N,./0.png
-8,31.1499996185303,0.000,0.000,"445","1110",Marrakech,Morocco,"535000",N,./0.png
31.1912975311279,-26.3033809661865,0.000,0.000,"446","1112",Mbabne,Swaziland,"38290",Y,./0.png
129.857467651367,32.8827476501465,0.000,0.000,"447","1113",Nagasaki,Japan,"449382",N,./0.png
-35.25,-5.78000020980835,0.000,0.000,"448","1114",Natal,Brazil,"510106",N,./0.png
173.270004272461,-41.2999992370605,0.000,0.000,"449","1115",Nelson,New Zealand,"33304",N,./0.png
-165.270004272461,64.5862808227539,0.000,0.000,"450","1116",Nome,US,"3500",N,./0.png
88.0999984741211,69.3300018310547,0.000,0.000,"451","1117",Noril`sk,Russia,"174000",N,./0.png
-16.825647354126,20.8999996185303,0.000,0.000,"452","1118",Nouadnibou,Mauritania,"21961",N,./0.png
87.1699981689453,53.7000007629395,0.000,0.000,"453","1119",Novokuznetsk,Russia,"600000",N,./0.png
-122.879997253418,46.9199981689453,0.000,0.000,"454","1120",Olympia,US,"97400",N,./0.png
100.475059509277,-0.917578816413879,0.000,0.000,"455","1121",Padang,Indonesia,"296675",N,./0.png
104.830001831055,-3,0.000,0.000,"456","1122",Palembang,Indonesia,"786607",N,./0.png
21.8831691741943,38.1412391662598,0.000,0.000,"457","1123",Patrai,Greece,"154596",N,./0.png
158.720001220703,53.2000007629395,0.000,0.000,"458","1124",Petropavloski-Kamchatskiy,Russia,"269000",N,./0.png
19.3999996185303,42.5,0.000,0.000,"459","1125",Podgorica,Montenegro,"82500",Y,./0.png
12.0580930709839,-4.63870811462402,0.000,0.000,"460","1126",Pointe Noire,Congo,"294203",N,./0.png
9.15334415435791,-0.819999992847443,0.000,0.000,"461","1127",Port Gentil,Gabon,"124400",N,./0.png
-130.048080444336,54.420280456543,0.000,0.000,"462","1128",Prince Rupert,Canada,"16197",N,./0.png
-65.6499481201172,45.338134765625,0.000,0.000,"463","1129",Saint John,Canada,"121265",N,./0.png
-16.2978382110596,15.9512100219727,0.000,0.000,"464","1130",Saint Louis,Senegal,"91485",N,./0.png
66.5800018310547,66.5699996948242,0.000,0.000,"465","1131",Salekhard,Russia,"-99",N,./0.png
36.3699989318848,41.3199996948242,0.000,0.000,"466","1132",Samsun,Turkey,"240674",N,./0.png
-44.4300575256348,-2.5,0.000,0.000,"467","1133",Sao Luis,Brazil,"600000",N,./0.png
18.4300003051758,43.8699989318848,0.000,0.000,"468","1134",Sarajevo,Bosnia/Herz,"341200",Y,./0.png
-22.9963226318359,70.5285720825195,0.000,0.000,"469","1136",Scoresbyund,Greenland,"-99",N,./0.png
-66.4025421142578,50.2825469970703,0.000,0.000,"470","1137",Sept-Iles,Canada,"29262",N,./0.png
-149.449996948242,60.1199989318848,0.000,0.000,"471","1138",Seward,US,"2699",N,./0.png
21.5300006866455,42.0,0.000,0.000,"472","1139",Skopje,Macedonia,"444900",Y,./0.png
5.55000019073486,22.8299999237061,0.000,0.000,"473","1140",Tamanrasset,Algeria,"-99",N,./0.png
-69,77.6699981689453,0.000,0.000,"474","1141",Thule,Greenland,"-99",N,./0.png
128.75,71.6999969482422,0.000,0.000,"475","1142",Tiksi,Russia,"-99",N,./0.png
44.0190925598145,-23.2901554107666,0.000,0.000,"476","1143",Toliara,Madagascar,"55000",N,./0.png
-79,-7.92999982833862,0.000,0.000,"477","1144",Trujillo,Peru,"354301",N,./0.png
83.3300018310547,17.75,0.000,0.000,"478","1145",Vishakhapatnam,India,"603630",N,./0.png
64.3300018310547,67.8000030517578,0.000,0.000,"479","1146",Vorkuta,Russia,"116000",N,./0.png
54.4500007629395,31.9699993133545,0.000,0.000,"480","1147",Yazd,Iran,"230483",N,./0.png
60.8300018310547,29.6000003814697,0.000,0.000,"481","1148",Zahedan,Iran,"281923",N,./0.png
45.1800003051758,12.861159324646,0.000,0.000,"482","1151",Aden,Yemen,"318000",N,./0.png
38.7000007629395,9.02999973297119,0.000,0.000,"483","1152",Adis Abeba,Ethiopia,"1500000",Y,./0.png
48.0027770996094,29.1949901580811,0.000,0.000,"484","1153",Al Kuwayt,Kuwait,"1375000",Y,./0.png
47.5,-18.8700008392334,0.000,0.000,"485","1154",Antananarivo,Madagascar,"663000",Y,./0.png
46.7700004577637,24.6499996185303,0.000,0.000,"486","1155",Ar Riyad,Saudi Arabia,"1250000",Y,./0.png
38.9700012207031,15.3299999237061,0.000,0.000,"487","1156",Asmara,Eritrea,"275385",Y,./0.png
-57.6699981689453,-25.2199993133545,0.000,0.000,"488","1157",Asuncion,Paraguay,"700000",Y,./0.png
23.6548633575439,38.1216011047363,0.000,0.000,"489","1158",Athinai,Greece,"3027331",Y,./0.png
109.980003356934,40.6500015258789,0.000,0.000,"490","1159",Baotou,China,"1120000",N,./0.png
2.17000007629395,41.5299987792969,0.000,0.000,"491","1160",Barcelona,Spain,"4040000",N,./0.png
-74.6800003051758,11.0142946243286,0.000,0.000,"492","1161",Barranquilla,Colombia,"1140000",N,./0.png
35.0231704711914,-19.7692832946777,0.000,0.000,"493","1162",Beira,Mozambique,"291604",N,./0.png
35.6579437255859,33.7799987792969,0.000,0.000,"494","1163",Beirut,Lebanon,"1675000",Y,./0.png
-88.8000030517578,17.1200008392334,0.000,0.000,"495","1165",Belmopan,Belize,"4500",Y,./0.png
5.49067831039429,60.3499984741211,0.000,0.000,"496","1166",Bergen,Norway,"239000",N,./0.png
-15.6499996185303,11.9109897613525,0.000,0.000,"497","1167",Bissau,GuineaBissau,"109486",Y,./0.png
18.6904315948486,-33.8040084838867,0.000,0.000,"498","1170",Cape Town,South Africa,"1790000",N,./0.png
-3.15000009536743,51.5,0.000,0.000,"499","1171",Cardiff,UK,"625000",N,./0.png
-7.53409194946289,33.5444107055664,0.000,0.000,"500","1172",Casablanca,Morocco,"2475000",N,./0.png
-52.4000015258789,4.92000007629395,0.000,0.000,"501","1173",Cayenne,Fr Guiana,"38091",Y,./0.png
91.8327941894531,22.4799995422363,0.000,0.000,"502","1174",Chittagong,Bangladesh,"1391877",N,./0.png
80.0883331298828,7.01999998092651,0.000,0.000,"503","1175",Colombo,Sri Lanka,"2050000",Y,./0.png
-12.8000001907349,9.52000045776367,0.000,0.000,"504","1176",Conakry,Guinea,"800000",Y,./0.png
-16.8480949401855,14.6300001144409,0.000,0.000,"505","1178",Dakar,Senegal,"1428084",Y,./0.png
-105.069999694824,39.75,0.000,0.000,"506","1179",Denver,US,"1405300",N,./0.png
68.9000015258789,38.6300010681152,0.000,0.000,"507","1180",Dushanfe,Tajikistan,"595000",Y,./0.png
-113.269996643066,53.5699996948242,0.000,0.000,"508","1181",Edmonton,Canada,"785465",N,./0.png
30.8500003814697,30.4699993133545,0.000,0.000,"509","1182",El-Giza,Egypt,"1870508",N,./0.png
-12.9102764129639,8.38277053833008,0.000,0.000,"510","1183",Freetown,Sierra Leone,"525000",Y,./0.png
74.7699966430664,42.8800010681152,0.000,0.000,"511","1184",Frunze,Kyrgyzstan,"616000",Y,./0.png
8.92229557037354,44.4550895690918,0.000,0.000,"512","1186",Genova,Italy,"805000",N,./0.png
-58.1699981689453,6.76999998092651,0.000,0.000,"513","1187",Georgetown,Guyana,"188000",Y,./0.png
12.0,57.75,0.000,0.000,"514","1188",Goteborg,Sweden,"710894",N,./0.png
31.0200004577637,-17.8299999237061,0.000,0.000,"515","1189",Harare,Zimbabwe,"890000",Y,./0.png
-82.4164505004883,23.0489521026611,0.000,0.000,"516","1190",Havana,Cuba,"2125000",Y,./0.png
39.3733062744141,21.6200008392334,0.000,0.000,"517","1191",Jiddah,Saudi Arabia,"1300000",N,./0.png
32.5800018310547,0.319999992847443,0.000,0.000,"518","1192",Kampala,Uganda,"460000",Y,./0.png
8.52000045776367,11.9200000762939,0.000,0.000,"519","1193",Kano,Nigeria,"538300",N,./0.png
120.341484069824,22.6734161376953,0.000,0.000,"520","1194",Kao-Hsiung,Taiwan,"1845000",N,./0.png
67.0299987792969,24.8500003814697,0.000,0.000,"521","1195",Karachi,Pakistan,"5300000",N,./0.png
135.070007324219,48.5299987792969,0.000,0.000,"522","1196",Khabarovsk,Russia,"601000",N,./0.png
32.5299987792969,15.5500001907349,0.000,0.000,"523","1197",Khartoum,Sudan,"924000",Y,./0.png
28.8299999237061,47.0,0.000,0.000,"524","1198",Kishinev,Moldova,"665000",Y,./0.png
12.5500001907349,55.7200012207031,0.000,0.000,"525","1200",Kobenhavn,Denmark,"1685000",Y,./0.png
3.29999995231628,6.44999980926514,0.000,0.000,"526","1203",Lagos,Nigeria,"3800000",Y,./0.png
0.219999998807907,49.3240203857422,0.000,0.000,"527","1204",Le Havre,France,"254595",N,./0.png
9.49045658111572,-0.504144549369812,0.000,0.000,"528","1205",Libreville,Gabon,"235700",Y,./0.png
33.8199996948242,-13.9200000762939,0.000,0.000,"529","1206",Lilongwe,Malawi,"233973",Y,./0.png
-76.8235549926758,-12.0679960250854,0.000,0.000,"530","1207",Lima,Peru,"4344000",Y,./0.png
-9.13000011444092,38.7299995422363,0.000,0.000,"531","1208",Lisboa,Portugal,"2250000",Y,./0.png
-2.76683640480042,53.4226875305176,0.000,0.000,"532","1209",Liverpool,UK,"1525000",N,./0.png
1.35000002384186,6.28000020980835,0.000,0.000,"533","1210",Lome,Togo,"400000",Y,./0.png
-118.25,34.0,0.000,0.000,"534","1211",Los Angeles,US,"9763600",N,./0.png
13.4617786407471,-9,0.000,0.000,"535","1212",Luanda,Angola,"1459900",Y,./0.png
27.5499992370605,-11.6800003051758,0.000,0.000,"536","1213",Lumumbashi,Zaire,"543268",N,./0.png
28.1700000762939,-15.4300003051758,0.000,0.000,"537","1214",Lusaka,Zambia,"535830",Y,./0.png
8.81999969482422,3.64468479156494,0.000,0.000,"538","1215",Malabo,Eq Guinea,"30710",Y,./0.png
121.173408508301,14.5500001907349,0.000,0.000,"539","1216",Manila,Philippines,"5474000",Y,./0.png
5.38000011444092,43.2999992370605,0.000,0.000,"540","1217",Marseille,France,"1225000",N,./0.png
58.6274795532227,23.5166397094727,0.000,0.000,"541","1218",Masqat,Oman,"50000",Y,./0.png
-106.269996643066,23.3615112304688,0.000,0.000,"542","1219",Mazatlan,Mexico,"199830",N,./0.png
39.6699981689453,-4.01999998092651,0.000,0.000,"543","1220",Mombasa,Kenya,"442369",N,./0.png
-10.7700004577637,6.51743936538696,0.000,0.000,"544","1221",Monrovia,Liberia,"465000",Y,./0.png
-56.1699981689453,-34.9199981689453,0.000,0.000,"545","1222",Montevideo,Uruguay,"1550000",Y,./0.png
37.7000007629395,55.75,0.000,0.000,"546","1223",Moskva,Russia,"13100000",Y,./0.png
36.8300018310547,-1.16999995708466,0.000,0.000,"547","1225",Nairobi,Kenya,"1286200",Y,./0.png
14.2700004577637,40.8300018310547,0.000,0.000,"548","1226",Napoli,Italy,"2875000",N,./0.png
-74.0999984741211,40.75,0.000,0.000,"549","1227",New York,US,"16472000",N,./0.png
-74.1999969482422,40.7200012207031,0.000,0.000,"550","1228",Newark,US,"329248",N,./0.png
-15.7828607559204,18.0300006866455,0.000,0.000,"551","1229",Nouakchott,Mauritania,"285000",Y,./0.png
9.90299892425537,55.574535369873,0.000,0.000,"552","1231",Odense,Denmark,"138400",N,./0.png
32.4799995422363,15.6199998855591,0.000,0.000,"553","1232",Omdurman,Sudan,"526287",N,./0.png
-0.519999980926514,35.75,0.000,0.000,"554","1233",Oran,Algeria,"628558",N,./0.png
10.7200002670288,59.9300003051758,0.000,0.000,"555","1234",Oslo,Norway,"720000",Y,./0.png
-1.66999995708466,12.4799995422363,0.000,0.000,"556","1235",Ouagadouou,Burkina Faso,"441514",Y,./0.png
13.3999996185303,38.1300010681152,0.000,0.000,"557","1236",Palermo,Italy,"723732",N,./0.png
-79.4000015258789,8.94999980926514,0.000,0.000,"558","1237",Panama,Panama,"625000",Y,./0.png
-55.2299995422363,5.92999982833862,0.000,0.000,"559","1238",Paramaribo,Suriname,"241000",Y,./0.png
115.923370361328,-31.9758644104004,0.000,0.000,"560","1239",Perth,Australia,"994472",N,./0.png
147.414520263672,-9.55000019073486,0.000,0.000,"561","1240",Port Moresby,Papua N Guin,"152100",Y,./0.png
-8.48794841766357,41.1500015258789,0.000,0.000,"562","1241",Porto,Portugal,"1225000",N,./0.png
65.5,31.6000003814697,0.000,0.000,"563","1242",Qandahar,Afghanistan,"203000",N,./0.png
121.029998779297,14.6499996185303,0.000,0.000,"564","1244",Quezon City,Philippines,"1326035",N,./0.png
-6.74804067611694,33.9201965332031,0.000,0.000,"565","1245",Rabat,Morocco,"980000",Y,./0.png
-21.336820602417,64.3132629394531,0.000,0.000,"566","1246",Reykjavik,Iceland,"137941",Y,./0.png
24.0499992370605,56.8800010681152,0.000,0.000,"567","1247",Riga,Latvia,"1005000",Y,./0.png
12.5200004577637,41.8800010681152,0.000,0.000,"568","1248",Roma,Italy,"3175000",Y,./0.png
-38.4799995422363,-12.6002569198608,0.000,0.000,"569","1249",Salvador,Brazil,"2050000",N,./0.png
52.5699996948242,29.6299991607666,0.000,0.000,"570","1250",Shiraz,Iran,"848289",N,./0.png
18.0842685699463,59.2446327209473,0.000,0.000,"571","1251",Stockholm,Sweden,"1449972",Y,./0.png
112.684371948242,-7.40000009536743,0.000,0.000,"572","1252",Surabaja,Indonesia,"2027913",N,./0.png
120.230003356934,23.1700000762939,0.000,0.000,"573","1253",T`ai-nan,Taiwan,"656927",N,./0.png
-82.5930252075195,27.9973583221436,0.000,0.000,"574","1254",Tampa,US,"594500",N,./0.png
34.8568344116211,31.9171981811523,0.000,0.000,"575","1255",Tel Aviv-Yafo,Israel,"1670000",Y,./0.png
22.7999992370605,40.6300010681152,0.000,0.000,"576","1257",Thessaloniki,Greece,"706180",N,./0.png
69.3498687744141,41.247932434082,0.000,0.000,"577","1258",Toshkent,Uzbekistan,"2325000",Y,./0.png
36.0070686340332,34.3437576293945,0.000,0.000,"578","1259",Tripoli,Lebanon,"198000",N,./0.png
-71.2993392944336,-32.9000015258789,0.000,0.000,"579","1260",Valparaiso,Chile,"675000",N,./0.png
-122.963066101074,49.274299621582,0.000,0.000,"580","1261",Vancouver,Canada,"1380729",N,./0.png
131.960433959961,43.1300010681152,0.000,0.000,"581","1263",Vladivostok,Russia,"648000",N,./0.png
14.6171045303345,-23.1018676757812,0.000,0.000,"582","1264",Walvis Bay,South Africa,"16607",N,./0.png
17.1000003814697,-22.5699996948242,0.000,0.000,"583","1265",Windhoek,Namibia,"114500",Y,./0.png
175.144943237305,-41.2103958129883,0.000,0.000,"584","1266",Wellington,New Zealand,"350000",Y,./0.png
-122.316650390625,47.5885543823242,0.000,0.000,"585","143",Seattle,US,"2077100",N,./0.png
-117.125495910645,32.7614593505859,0.000,0.000,"586","225",San Diego,US,"2098500",N,./0.png
-69.9132614135742,-20.2600002288818,0.000,0.000,"587","42",Iquique,Chile,"110153",N,./0.png
54.619270324707,24.2360076904297,0.000,0.000,"588","1149",Abu Zaby,Untd Arab Em,"242975",Y,./0.png
-72.0054550170898,7.57660102844238,0.000,0.000,"589","29",San Cristobal,Venezuela,"198793",N,./0.png
48.0,46.25,0.000,0.000,"590","93",Astrakhan,Russia,"509000",N,./0.png
9.81835079193115,30.1386032104492,0.000,0.000,"591","60",Ghadamis,Libya,"-99",N,./0.png
-57.7087745666504,-31.3051528930664,0.000,0.000,"592","51",Salto,Uruguay,"77400",N,./0.png
-114.061363220215,62.5206146240234,0.000,0.000,"593","10",Yellowknife,Canada,"11753",N,./0.png
-155.067291259766,19.7148151397705,0.000,0.000,"594","1100",Hilo,US,"43200",N,./0.png
-157.806182861328,21.3211765289307,0.000,0.000,"595","144",Honolulu,US,"762600",N,./0.png
-149.172973632812,61.188648223877,0.000,0.000,"596","1075",Anchorage,US,"184300",N,./0.png
-147.651184082031,64.8387451171875,0.000,0.000,"597","1092",Fairbanks,US,"39900",N,./0.png
-134.132476806641,58.3910064697266,0.000,0.000,"598","1104",Juneau,US,"19528",N,./0.png
-121.847457885742,37.30810546875,0.000,0.000,"599","178",San Jose,US,"629400",N,./0.png
-105.966636657715,28.5581398010254,0.000,0.000,"600","15",Chihuaha,Mexico,"385603",N,./0.png
-96.0840606689453,19.0096759796143,0.000,0.000,"601","1262",Veracruz,Mexico,"385000",N,./0.png
-96.9420394897461,16.9209060668945,0.000,0.000,"602","1230",Oaxaca,Mexico,"154223",N,./0.png
15.6599998474121,78.1999969482422,0.000,0.000,"603","91",Longyearbyen,Norway,"-99",N,./0.png
114.145706176758,22.4284057617188,0.000,0.000,"604","1068",Hong Kong,UK,"5395997",Y,./0.png
114.230117797852,22.3798961639404,0.000,0.000,"605","1201",Kowloon,UK,"774781",N,./0.png
104.177116394043,1.22979354858398,0.000,0.000,"606","366",Singapore,Singapore,"3025000",N,./0.png
